Date,Product_ID,Portfolio_ID,Transaction_Type,Units,Cumulative_Quantity
2025-01-21,1009079,4368,BUY,64.0,64.0
2021-06-30,1009079,4379,BUY,340357.0,340357.0
2025-01-21,1009079,4379,BUY,118986.0,459343.0
2021-06-29,1009079,4383,BUY,340357.0,340357.0
2025-03-26,1009079,4383,SELL,340357.0,0.0
2025-03-26,1009080,4376,BUY,6.0,6.0
2021-06-29,1009080,4383,BUY,87489.0,87489.0
2025-03-26,1009080,4383,BUY,344295.0,431784.0
2025-01-21,1009082,4368,BUY,4.0,4.0
2025-03-26,1009082,4376,BUY,2.0,2.0
2021-06-30,1009082,4379,BUY,17461.0,17461.0
2025-01-21,1009082,4379,BUY,11224.0,28685.0
2021-06-29,1009082,4383,BUY,17461.0,17461.0
2025-03-26,1009082,4383,BUY,125932.0,143393.0
2021-06-30,1009083,4379,BUY,35509.0,35509.0
2021-07-15,1009083,4379,SELL,35509.0,0.0
2024-06-03,1009083,4379,BUY,27059.0,27059.0
2025-01-21,1009083,4379,SELL,27059.0,0.0
2021-06-29,1009083,4383,BUY,35509.0,35509.0
2022-07-15,1009083,4383,SELL,35509.0,0.0
2024-06-03,1009083,4383,BUY,27059.0,27059.0
2025-03-26,1009083,4383,SELL,27059.0,0.0
2021-06-29,1009084,4383,BUY,196712.0,196712.0
2025-03-26,1009084,4383,SELL,196712.0,0.0
2025-03-26,1009085,4376,BUY,27.0,27.0
2024-06-03,1009085,4379,BUY,440198.0,440198.0
2025-01-20,1009085,4379,SELL,440198.0,0.0
2024-06-03,1009085,4383,BUY,440198.0,440198.0
2025-03-26,1009085,4383,BUY,1501413.0,1941611.0
2021-06-29,1009087,4383,BUY,36259.0,36259.0
2022-07-15,1009087,4383,SELL,36259.0,0.0
2025-01-21,1009090,4368,BUY,18.0,18.0
2022-10-18,1009090,4379,BUY,112172.0,112172.0
2025-01-21,1009090,4379,BUY,16023.0,128195.0
2022-10-18,1009090,4383,BUY,112172.0,112172.0
2025-03-26,1009090,4383,SELL,112172.0,0.0
2025-01-21,1009093,4368,BUY,25.0,25.0
2025-03-26,1009093,4376,BUY,4.0,4.0
2022-07-15,1009093,4379,BUY,344953.0,344953.0
2025-01-21,1009093,4379,SELL,344953.0,0.0
2022-07-15,1009093,4383,BUY,344953.0,344953.0
2025-03-26,1009093,4383,SELL,66616.0,278337.0
2025-03-26,1009096,4376,BUY,2.0,2.0
2025-03-26,1009096,4383,BUY,143434.0,143434.0
2021-06-29,1009097,4383,BUY,35368.0,35368.0
2024-05-02,1009097,4383,SELL,35368.0,0.0
2021-06-29,1009100,4383,BUY,25099.0,25099.0
2025-03-26,1009100,4383,SELL,25099.0,0.0
2025-03-26,1009101,4376,BUY,13.0,13.0
2025-03-26,1009101,4383,BUY,932319.0,932319.0
2025-01-21,1009103,4368,BUY,22.0,22.0
2025-01-21,1009103,4379,BUY,157326.0,157326.0
2019-01-15,1009152,4378,BUY,2598597.0,2598597.0
2020-02-04,1009152,4378,SELL,2598597.0,0.0
2017-02-28,1009156,4378,BUY,515020.0,515020.0
2017-05-02,1009156,4378,BUY,532765.0,1047785.0
2017-09-01,1009156,4378,SELL,515020.0,532765.0
2017-09-01,1009156,4378,SELL,532765.0,0.0
2017-02-28,1009157,4378,BUY,1668320.0,1668320.0
2018-02-28,1009157,4378,SELL,1668320.0,0.0
2019-09-16,1009157,4378,BUY,2255228.0,2255228.0
2019-10-15,1009157,4378,BUY,1664269.0,3919497.0
2020-07-01,1009157,4378,SELL,1664269.0,2255228.0
2021-06-15,1009157,4378,BUY,1217448.0,3472676.0
2023-03-31,1009157,4378,SELL,3472676.0,0.0
2023-04-01,1009157,4378,BUY,2984593.0,2984593.0
2025-01-20,1009157,4378,SELL,2984593.0,0.0
2023-04-01,1009157,4381,BUY,1217448.0,1217448.0
2025-01-20,1009157,4381,SELL,1217448.0,0.0
2023-04-01,1009157,4385,BUY,1217448.0,1217448.0
2025-01-20,1009157,4385,SELL,1217448.0,0.0
2018-04-16,1009158,4378,BUY,975786.0,975786.0
2018-09-17,1009158,4378,SELL,975786.0,0.0
2025-01-20,1009161,4375,BUY,2000.0,2000.0
2017-02-28,1009161,4378,BUY,2677923.0,2677923.0
2017-05-15,1009161,4378,SELL,2677923.0,0.0
2021-02-01,1009161,4378,BUY,6979520.0,6979520.0
2023-03-31,1009161,4378,SELL,6979520.0,0.0
2023-04-01,1009161,4378,BUY,17110402.0,17110402.0
2025-01-20,1009161,4378,BUY,3202782.0,20313184.0
2025-01-20,1009161,4378,SELL,17110402.0,3202782.0
2023-04-01,1009161,4381,BUY,6979520.0,6979520.0
2025-01-20,1009161,4381,SELL,5799816.0,1179704.0
2023-04-01,1009161,4385,BUY,6979520.0,6979520.0
2025-01-20,1009161,4385,SELL,5799816.0,1179704.0
2025-01-20,1009162,4375,BUY,4000.0,4000.0
2017-09-01,1009162,4378,BUY,4534268.0,4534268.0
2020-02-04,1009162,4378,BUY,2624981.0,7159249.0
2021-09-30,1009162,4378,BUY,1974854.0,9134103.0
2022-12-26,1009162,4378,SELL,4534268.0,4599835.0
2022-12-27,1009162,4378,SELL,2624981.0,1974854.0
2022-12-27,1009162,4378,SELL,1974854.0,0.0
2025-01-20,1009162,4378,BUY,6405564.0,6405564.0
2025-01-20,1009162,4381,BUY,2653520.0,2653520.0
2025-01-20,1009162,4385,BUY,2653520.0,2653520.0
2017-05-15,1009164,4378,BUY,2201776.0,2201776.0
2017-09-01,1009164,4378,SELL,2201776.0,0.0
2018-09-17,1009164,4378,BUY,2008342.0,2008342.0
2019-04-01,1009164,4378,SELL,2008342.0,0.0
2017-12-01,1009166,4378,BUY,239468.0,239468.0
2023-03-31,1009166,4378,SELL,239468.0,0.0
2025-01-20,1009169,4375,BUY,400.0,400.0
2017-02-28,1009169,4378,BUY,258190.0,258190.0
2023-03-31,1009169,4378,SELL,258190.0,0.0
2023-04-01,1009169,4378,BUY,632957.0,632957.0
2024-05-01,1009169,4378,SELL,632957.0,0.0
2025-01-20,1009169,4378,BUY,640556.0,640556.0
2023-04-01,1009169,4381,BUY,258190.0,258190.0
2024-05-01,1009169,4381,SELL,258190.0,0.0
2025-01-20,1009169,4381,BUY,265352.0,265352.0
2023-04-01,1009169,4385,BUY,258190.0,258190.0
2024-05-01,1009169,4385,SELL,258190.0,0.0
2025-01-20,1009169,4385,BUY,265352.0,265352.0
2017-02-28,1009174,4378,BUY,160178.0,160178.0
2019-01-02,1009174,4378,SELL,160178.0,0.0
2025-03-26,1009238,4376,BUY,9.0,9.0
2025-03-26,1009238,4383,BUY,645452.0,645452.0
2017-02-28,1009467,4378,BUY,2488905.0,2488905.0
2017-12-01,1009467,4378,SELL,2488905.0,0.0
2022-07-15,1009490,4383,BUY,103843.0,103843.0
2025-03-26,1009490,4383,SELL,103843.0,0.0
2017-02-28,1009493,4378,BUY,13438.0,13438.0
2017-09-01,1009493,4378,BUY,28630.0,42068.0
2019-03-01,1009493,4378,SELL,28630.0,13438.0
2019-05-02,1009493,4378,SELL,13438.0,0.0
2021-09-30,1009493,4378,BUY,9683.0,9683.0
2022-06-30,1009493,4378,SELL,9683.0,0.0
2022-07-15,1009498,4383,BUY,16268.0,16268.0
2025-03-26,1009498,4383,SELL,16268.0,0.0
2021-04-30,1012332,4227,BUY,4759.0,4759.0
2021-07-16,1012332,4227,SELL,4759.0,0.0
2025-03-21,1012332,4227,BUY,3635.0,3635.0
2025-03-24,1012332,4377,BUY,9.0,9.0
2021-06-29,1012334,4383,BUY,185124.0,185124.0
2022-07-15,1012334,4383,SELL,185124.0,0.0
2025-01-20,1012338,4375,BUY,200.0,200.0
2021-05-17,1012338,4378,BUY,194879.0,194879.0
2023-03-31,1012338,4378,SELL,194879.0,0.0
2023-04-01,1012338,4378,BUY,477749.0,477749.0
2025-01-20,1012338,4378,BUY,320278.0,798027.0
2025-01-20,1012338,4378,SELL,477749.0,320278.0
2023-04-01,1012338,4381,BUY,194879.0,194879.0
2025-01-20,1012338,4381,SELL,59569.0,135310.0
2023-04-01,1012338,4385,BUY,194879.0,194879.0
2025-01-20,1012338,4385,SELL,59569.0,135310.0
2025-01-20,1012339,4375,BUY,500.0,500.0
2018-02-28,1012339,4378,BUY,163148.0,163148.0
2020-01-02,1012339,4378,SELL,163148.0,0.0
2020-05-15,1012339,4378,BUY,147574.0,147574.0
2021-09-30,1012339,4378,SELL,147574.0,0.0
2025-01-20,1012339,4378,BUY,800695.0,800695.0
2025-01-20,1012339,4381,BUY,331690.0,331690.0
2025-01-20,1012339,4385,BUY,331690.0,331690.0
2025-03-26,1012342,4376,BUY,1.0,1.0
2022-12-02,1012342,4379,BUY,97197.0,97197.0
2024-06-03,1012342,4379,SELL,97197.0,0.0
2022-12-02,1012342,4383,BUY,97197.0,97197.0
2024-06-03,1012342,4383,SELL,97197.0,0.0
2025-03-26,1012342,4383,BUY,71717.0,71717.0
2025-01-21,1012343,4368,BUY,14.0,14.0
2025-01-21,1012343,4379,BUY,100117.0,100117.0
2017-02-28,1012346,4378,BUY,68187.0,68187.0
2017-05-15,1012346,4378,SELL,68187.0,0.0
2025-03-26,1045647,4376,BUY,15.0,15.0
2021-06-30,1045647,4379,BUY,123583.0,123583.0
2022-09-29,1045647,4379,SELL,123583.0,0.0
2024-02-01,1045647,4379,BUY,8123423.0,8123423.0
2024-02-01,1045647,4379,SELL,4118004.0,4005419.0
2025-01-21,1045647,4379,SELL,4005419.0,0.0
2021-06-29,1045647,4383,BUY,123583.0,123583.0
2022-09-29,1045647,4383,SELL,123583.0,0.0
2024-02-01,1045647,4383,BUY,8123423.0,8123423.0
2025-03-26,1045647,4383,SELL,7047670.0,1075753.0
2021-06-29,1045649,4383,BUY,1373.0,1373.0
2025-03-26,1045649,4383,SELL,1373.0,0.0
2025-01-21,1045652,4379,BUY,178780.0,178780.0
2022-10-18,1045654,4379,BUY,9396.0,9396.0
2024-06-03,1045654,4379,SELL,9396.0,0.0
2022-10-18,1045654,4383,BUY,9396.0,9396.0
2024-06-03,1045654,4383,SELL,9396.0,0.0
2025-03-26,1045655,4376,BUY,2.0,2.0
2025-03-26,1045655,4383,BUY,143434.0,143434.0
2022-10-18,1045656,4383,BUY,17024.0,17024.0
2025-03-26,1045656,4383,SELL,17024.0,0.0
2021-06-30,1045659,4379,BUY,80112.0,80112.0
2022-07-15,1045659,4379,SELL,80112.0,0.0
2021-06-29,1045659,4383,BUY,80112.0,80112.0
2022-07-15,1045659,4383,SELL,80112.0,0.0
2021-06-30,1045662,4379,BUY,15899.0,15899.0
2024-06-03,1045662,4379,SELL,15899.0,0.0
2021-06-29,1045662,4383,BUY,15899.0,15899.0
2024-06-03,1045662,4383,SELL,15899.0,0.0
2025-01-21,1045663,4368,BUY,3.0,3.0
2025-01-20,1045663,4379,BUY,21454.0,21454.0
2025-01-21,1045664,4368,BUY,8.0,8.0
2024-06-03,1045664,4379,BUY,126235.0,126235.0
2025-01-21,1045664,4379,SELL,69745.0,56490.0
2024-06-03,1045664,4383,BUY,126235.0,126235.0
2025-03-26,1045664,4383,SELL,126235.0,0.0
2025-05-23,1045666,4368,BUY,68.0,68.0
2025-03-26,1045666,4376,BUY,33.0,33.0
2021-06-30,1045666,4379,BUY,89286.0,89286.0
2024-05-02,1045666,4379,SELL,89286.0,0.0
2025-05-23,1045666,4379,BUY,480012.0,480012.0
2021-06-29,1045666,4383,BUY,89286.0,89286.0
2024-05-02,1045666,4383,SELL,89286.0,0.0
2025-03-26,1045666,4383,BUY,2366657.0,2366657.0
2025-03-26,1045667,4376,BUY,2.0,2.0
2025-03-26,1045667,4383,BUY,143434.0,143434.0
2025-01-21,1045669,4368,BUY,11.0,11.0
2025-01-20,1045669,4379,BUY,78663.0,78663.0
2025-01-21,1045670,4368,BUY,11.0,11.0
2025-01-20,1045670,4379,BUY,78663.0,78663.0
2022-07-15,1045672,4379,BUY,117927.0,117927.0
2025-01-21,1045672,4379,SELL,117927.0,0.0
2022-07-15,1045672,4383,BUY,117927.0,117927.0
2025-03-26,1045672,4383,SELL,117927.0,0.0
2017-10-02,1045677,4378,BUY,20755.0,20755.0
2019-12-16,1045677,4378,SELL,20755.0,0.0
2020-07-15,1045677,4378,BUY,7674.0,7674.0
2021-09-30,1045677,4378,SELL,7674.0,0.0
2025-03-26,1045682,4376,BUY,18.0,18.0
2021-06-30,1045682,4379,BUY,89302.0,89302.0
2025-01-21,1045682,4379,SELL,89302.0,0.0
2021-06-29,1045682,4383,BUY,89302.0,89302.0
2025-03-26,1045682,4383,BUY,1203016.0,1292318.0
2025-03-26,1045683,4376,BUY,4.0,4.0
2025-03-26,1045683,4383,BUY,286867.0,286867.0
2021-06-29,1045684,4383,BUY,15295.0,15295.0
2024-06-03,1045684,4383,SELL,15295.0,0.0
2025-01-21,1045686,4368,BUY,86.0,86.0
2025-01-21,1045686,4379,BUY,615003.0,615003.0
2025-03-26,1045687,4376,BUY,17.0,17.0
2025-03-26,1045687,4383,BUY,1219187.0,1219187.0
2021-06-30,1045688,4379,BUY,72782.0,72782.0
2022-10-18,1045688,4379,SELL,72782.0,0.0
2021-06-29,1045688,4383,BUY,72782.0,72782.0
2022-10-18,1045688,4383,SELL,72782.0,0.0
2021-06-29,1045689,4383,BUY,106331.0,106331.0
2025-03-26,1045689,4383,SELL,106331.0,0.0
2021-06-30,1045691,4379,BUY,60468.0,60468.0
2024-05-02,1045691,4379,SELL,60468.0,0.0
2021-06-29,1045691,4383,BUY,60468.0,60468.0
2024-05-02,1045691,4383,SELL,60468.0,0.0
2025-01-21,1045692,4368,BUY,2.0,2.0
2025-03-26,1045692,4376,BUY,2.0,2.0
2025-01-21,1045692,4379,BUY,14302.0,14302.0
2025-03-26,1045692,4383,BUY,143434.0,143434.0
2021-06-30,1045694,4379,BUY,39308.0,39308.0
2025-01-21,1045694,4379,SELL,39308.0,0.0
2021-06-29,1045694,4383,BUY,39308.0,39308.0
2025-03-26,1045694,4383,SELL,39308.0,0.0
2021-06-29,1045697,4383,BUY,13074.0,13074.0
2025-03-26,1045697,4383,SELL,13074.0,0.0
2022-07-15,1045698,4379,BUY,21485.0,21485.0
2025-01-21,1045698,4379,SELL,21485.0,0.0
2022-07-15,1045698,4383,BUY,21485.0,21485.0
2025-03-26,1045698,4383,SELL,21485.0,0.0
2025-01-21,1045701,4368,BUY,15.0,15.0
2025-01-20,1045701,4379,BUY,107268.0,107268.0
2021-06-29,1045701,4383,BUY,21468.0,21468.0
2025-03-26,1045701,4383,SELL,21468.0,0.0
2021-06-29,1045707,4383,BUY,22758.0,22758.0
2025-03-26,1045707,4383,SELL,22758.0,0.0
2021-06-30,1045709,4379,BUY,20950.0,20950.0
2025-01-21,1045709,4379,SELL,20950.0,0.0
2021-06-29,1045709,4383,BUY,20950.0,20950.0
2025-03-26,1045709,4383,SELL,20950.0,0.0
2024-06-03,1045713,4383,BUY,54533.0,54533.0
2025-03-26,1045713,4383,SELL,54533.0,0.0
2021-06-29,1045714,4383,BUY,39940.0,39940.0
2024-05-02,1045714,4383,SELL,39940.0,0.0
2025-03-26,1045715,4376,BUY,1.0,1.0
2025-03-26,1045715,4383,BUY,71717.0,71717.0
2025-01-21,1045716,4368,BUY,23.0,23.0
2021-06-30,1045716,4379,BUY,42253.0,42253.0
2025-01-21,1045716,4379,BUY,121362.0,163615.0
2021-06-29,1045716,4383,BUY,42253.0,42253.0
2025-03-26,1045716,4383,SELL,42253.0,0.0
2025-01-21,1045717,4368,BUY,7.0,7.0
2025-01-20,1045717,4379,BUY,50058.0,50058.0
2025-01-21,1045719,4368,BUY,72.0,72.0
2025-01-21,1045719,4379,BUY,514886.0,514886.0
2021-06-29,1045719,4383,BUY,82614.0,82614.0
2025-03-26,1045719,4383,SELL,82614.0,0.0
2025-01-21,1045722,4368,BUY,8.0,8.0
2025-03-26,1045722,4376,BUY,3.0,3.0
2021-06-30,1045722,4379,BUY,10489.0,10489.0
2023-02-01,1045722,4379,SELL,10489.0,0.0
2025-01-21,1045722,4379,BUY,57210.0,57210.0
2021-06-29,1045722,4383,BUY,10489.0,10489.0
2023-02-01,1045722,4383,SELL,10489.0,0.0
2025-03-26,1045722,4383,BUY,215151.0,215151.0
2021-06-30,1045723,4379,BUY,15309.0,15309.0
2022-07-15,1045723,4379,SELL,15309.0,0.0
2021-06-29,1045723,4383,BUY,15309.0,15309.0
2022-07-15,1045723,4383,SELL,15309.0,0.0
2025-05-23,1045725,4368,BUY,2.0,2.0
2021-06-30,1045725,4379,BUY,95261.0,95261.0
2025-01-21,1045725,4379,SELL,95261.0,0.0
2025-05-23,1045725,4379,BUY,14118.0,14118.0
2021-06-29,1045725,4383,BUY,95261.0,95261.0
2025-03-26,1045725,4383,SELL,95261.0,0.0
2025-03-26,1045726,4376,BUY,8.0,8.0
2024-06-03,1045726,4383,BUY,54177.0,54177.0
2025-03-26,1045726,4383,BUY,519976.0,574153.0
2023-01-04,1045727,4383,BUY,161949.0,161949.0
2025-03-26,1045727,4383,SELL,161949.0,0.0
2024-06-03,1045730,4383,BUY,57009.0,57009.0
2025-03-26,1045730,4383,SELL,57009.0,0.0
2025-03-26,1045732,4376,BUY,6.0,6.0
2025-03-26,1045732,4383,BUY,430301.0,430301.0
2025-05-12,1045733,4376,BUY,1.0,1.0
2025-05-12,1045733,4376,BUY,3.0,4.0
2025-05-13,1045733,4383,BUY,3054.0,3054.0
2025-05-13,1045733,4383,BUY,1000.0,4054.0
2021-06-29,1045743,4383,BUY,168446.0,168446.0
2024-06-03,1045743,4383,SELL,168446.0,0.0
2021-06-29,1045746,4383,BUY,100270.0,100270.0
2025-03-26,1045746,4383,SELL,100270.0,0.0
2025-03-26,1045747,4376,BUY,5.0,5.0
2025-03-26,1045747,4383,BUY,358584.0,358584.0
2021-06-30,1045757,4379,BUY,25104.0,25104.0
2023-03-01,1045757,4379,SELL,25104.0,0.0
2021-06-29,1045757,4383,BUY,25104.0,25104.0
2023-03-01,1045757,4383,SELL,25104.0,0.0
2024-06-03,1045758,4383,BUY,57558.0,57558.0
2025-03-26,1045758,4383,SELL,57558.0,0.0
2025-01-21,1045759,4368,BUY,26.0,26.0
2025-01-21,1045759,4379,BUY,185931.0,185931.0
2024-05-02,1045764,4383,BUY,75364.0,75364.0
2025-03-26,1045764,4383,SELL,75364.0,0.0
2025-01-21,1045766,4368,BUY,1.0,1.0
2025-03-26,1045766,4376,BUY,2.0,2.0
2025-01-20,1045766,4379,BUY,7151.0,7151.0
2025-03-26,1045766,4383,BUY,143434.0,143434.0
2021-06-29,1045767,4383,BUY,23865.0,23865.0
2025-03-26,1045767,4383,SELL,23865.0,0.0
2021-06-29,1045775,4383,BUY,34246.0,34246.0
2022-07-15,1045775,4383,SELL,34246.0,0.0
2025-03-26,1045796,4376,BUY,1.0,1.0
2025-03-26,1045796,4383,BUY,71717.0,71717.0
2025-03-26,1045807,4376,BUY,8.0,8.0
2025-03-26,1045807,4383,BUY,573735.0,573735.0
2025-03-26,1045813,4376,BUY,12.0,12.0
2025-03-26,1045813,4383,BUY,860602.0,860602.0
2025-03-26,1045821,4376,BUY,2.0,2.0
2025-03-26,1045821,4383,BUY,143434.0,143434.0
2025-01-21,1045824,4368,BUY,10.0,10.0
2025-05-23,1045824,4368,SELL,10.0,0.0
2025-01-20,1045824,4379,BUY,71512.0,71512.0
2025-05-23,1045824,4379,SELL,70590.0,922.0
2024-06-03,1045826,4383,BUY,133251.0,133251.0
2025-03-26,1045826,4383,SELL,133251.0,0.0
2025-03-26,1045828,4376,BUY,31.0,31.0
2025-03-26,1045828,4383,BUY,2223223.0,2223223.0
2025-01-21,1045836,4368,BUY,4.0,4.0
2025-03-26,1045836,4376,BUY,1.0,1.0
2025-01-20,1045836,4379,BUY,28605.0,28605.0
2025-03-26,1045836,4383,BUY,71717.0,71717.0
2025-03-26,1045839,4376,BUY,4.0,4.0
2025-03-26,1045839,4383,BUY,286867.0,286867.0
2025-05-23,1045845,4368,BUY,2.0,2.0
2025-05-23,1045845,4379,BUY,14118.0,14118.0
2021-06-29,1045846,4383,BUY,772937.0,772937.0
2022-09-29,1045846,4383,SELL,772937.0,0.0
2024-06-03,1045850,4379,BUY,44624.0,44624.0
2025-01-21,1045850,4379,SELL,44624.0,0.0
2024-06-03,1045850,4383,BUY,44624.0,44624.0
2025-03-26,1045850,4383,SELL,44624.0,0.0
2025-01-21,1045855,4368,BUY,20.0,20.0
2025-01-20,1045855,4379,BUY,143024.0,143024.0
2025-01-21,1045856,4368,BUY,3.0,3.0
2025-01-20,1045856,4379,BUY,21454.0,21454.0
2025-03-26,1045858,4376,BUY,10.0,10.0
2024-05-02,1045858,4383,BUY,17592.0,17592.0
2025-03-26,1045858,4383,BUY,699386.0,716978.0
2022-09-29,1045861,4383,BUY,2262760.0,2262760.0
2024-06-03,1045861,4383,SELL,2262760.0,0.0
2025-03-26,1045866,4376,BUY,9.0,9.0
2025-03-26,1045866,4383,BUY,645452.0,645452.0
2021-06-29,1045872,4383,BUY,38735.0,38735.0
2025-03-26,1045872,4383,SELL,38735.0,0.0
2025-03-26,1045873,4376,BUY,12.0,12.0
2025-03-26,1045873,4383,BUY,860602.0,860602.0
2021-06-29,1045899,4383,BUY,127624.0,127624.0
2023-01-04,1045899,4383,SELL,127624.0,0.0
2025-03-26,1045929,4376,BUY,3.0,3.0
2025-03-26,1045929,4383,BUY,215151.0,215151.0
2025-03-26,1045931,4376,BUY,4.0,4.0
2025-03-26,1045931,4383,BUY,286867.0,286867.0
2025-03-26,1045949,4376,BUY,3.0,3.0
2025-03-26,1045949,4383,BUY,215151.0,215151.0
2025-01-21,1045951,4368,BUY,17.0,17.0
2025-05-23,1045951,4368,SELL,17.0,0.0
2025-05-23,1045951,4368,SELL,9.0,0.0
2025-05-23,1045951,4368,SELL,8.0,0.0
2024-05-02,1045951,4379,BUY,24078.0,24078.0
2025-01-21,1045951,4379,BUY,96673.0,120751.0
2025-05-23,1045951,4379,SELL,120003.0,748.0
2025-05-23,1045951,4379,SELL,63532.0,0.0
2025-05-23,1045951,4379,SELL,56472.0,0.0
2024-05-02,1045951,4383,BUY,24078.0,24078.0
2025-03-26,1045951,4383,SELL,24078.0,0.0
2021-06-30,1045964,4379,BUY,79246.0,79246.0
2022-07-15,1045964,4379,SELL,79246.0,0.0
2022-09-29,1045964,4379,BUY,111345.0,111345.0
2023-05-02,1045964,4379,SELL,111345.0,0.0
2021-06-29,1045964,4383,BUY,79246.0,79246.0
2022-07-15,1045964,4383,SELL,79246.0,0.0
2022-09-29,1045964,4383,BUY,111345.0,111345.0
2023-05-02,1045964,4383,SELL,111345.0,0.0
2025-03-26,1045966,4376,BUY,96.0,96.0
2025-05-12,1045966,4376,SELL,96.0,0.0
2025-03-26,1045966,4383,BUY,6884819.0,6884819.0
2025-05-13,1045966,4383,SELL,97728.0,6787091.0
2024-05-02,1045971,4383,BUY,2495545.0,2495545.0
2025-03-26,1045971,4383,SELL,2495545.0,0.0
2025-03-26,1045981,4376,BUY,10.0,10.0
2024-06-03,1045981,4383,BUY,481017.0,481017.0
2025-03-26,1045981,4383,BUY,243003.0,724020.0
2025-01-21,1045984,4368,BUY,10.0,10.0
2025-01-20,1045984,4379,BUY,71512.0,71512.0
2024-06-03,1045994,4383,BUY,1616781.0,1616781.0
2025-03-26,1045994,4383,SELL,1616781.0,0.0
2021-06-29,1046011,4383,BUY,216956.0,216956.0
2022-10-18,1046011,4383,SELL,216956.0,0.0
2021-06-29,1046012,4383,BUY,262973.0,262973.0
2024-05-02,1046012,4383,SELL,262973.0,0.0
2021-06-29,1046015,4383,BUY,746741.0,746741.0
2025-03-26,1046015,4383,SELL,746741.0,0.0
2021-06-29,1046023,4383,BUY,45430.0,45430.0
2022-07-15,1046023,4383,SELL,45430.0,0.0
2022-07-15,1046025,4383,BUY,118125.0,118125.0
2025-03-26,1046025,4383,SELL,118125.0,0.0
2021-06-29,1046028,4383,BUY,322147.0,322147.0
2025-03-26,1046028,4383,SELL,322147.0,0.0
2021-06-30,1046030,4379,BUY,146481.0,146481.0
2025-01-21,1046030,4379,SELL,146481.0,0.0
2021-06-29,1046030,4383,BUY,146481.0,146481.0
2025-03-26,1046030,4383,SELL,146481.0,0.0
2025-03-26,1046032,4376,BUY,3.0,3.0
2025-03-26,1046032,4383,BUY,215151.0,215151.0
2021-06-29,1046043,4383,BUY,34649.0,34649.0
2022-07-15,1046043,4383,SELL,34649.0,0.0
2021-06-29,1046044,4383,BUY,363381.0,363381.0
2025-03-26,1046044,4383,SELL,363381.0,0.0
2025-03-26,1046045,4376,BUY,17.0,17.0
2025-03-26,1046045,4383,BUY,1219187.0,1219187.0
2021-06-29,1046054,4383,BUY,49294.0,49294.0
2024-06-03,1046054,4383,SELL,49294.0,0.0
2021-06-29,1046075,4383,BUY,1146500.0,1146500.0
2024-05-02,1046075,4383,SELL,1146500.0,0.0
2025-03-26,1046080,4376,BUY,20.0,20.0
2025-03-26,1046080,4383,BUY,1434337.0,1434337.0
2021-06-29,1046096,4383,BUY,327210.0,327210.0
2025-03-26,1046096,4383,SELL,327210.0,0.0
2025-03-26,1046097,4376,BUY,3.0,3.0
2025-03-26,1046097,4383,BUY,215151.0,215151.0
2025-03-26,1046099,4376,BUY,23.0,23.0
2025-03-26,1046099,4383,BUY,1649488.0,1649488.0
2025-03-26,1046104,4376,BUY,72.0,72.0
2025-03-26,1046104,4383,BUY,5163614.0,5163614.0
2025-03-26,1046110,4376,BUY,32.0,32.0
2025-03-26,1046110,4383,BUY,2294940.0,2294940.0
2025-03-26,1046116,4376,BUY,13.0,13.0
2025-03-26,1046116,4383,BUY,932319.0,932319.0
2025-01-20,1046124,4375,BUY,100.0,100.0
2025-05-23,1046124,4375,SELL,100.0,0.0
2025-05-23,1046124,4375,SELL,100.0,0.0
2017-03-31,1046124,4378,BUY,122264.0,122264.0
2018-08-31,1046124,4378,SELL,122264.0,0.0
2019-04-01,1046124,4378,BUY,115529.0,115529.0
2019-05-02,1046124,4378,BUY,44629.0,160158.0
2019-12-16,1046124,4378,BUY,92775.0,252933.0
2022-12-26,1046124,4378,SELL,115529.0,137404.0
2022-12-27,1046124,4378,SELL,44629.0,92775.0
2025-01-20,1046124,4378,BUY,160139.0,252914.0
2025-03-12,1046124,4378,SELL,92775.0,160139.0
2025-01-20,1046124,4381,BUY,66338.0,66338.0
2025-05-23,1046124,4381,SELL,61293.0,5045.0
2025-01-20,1046124,4385,BUY,66338.0,66338.0
2025-05-23,1046124,4385,SELL,37836.0,28502.0
2020-03-31,1046125,4227,BUY,71197.0,71197.0
2025-03-21,1046125,4227,SELL,71197.0,0.0
2025-01-20,1046128,4375,BUY,500.0,500.0
2018-11-01,1046128,4378,BUY,279797.0,279797.0
2022-06-30,1046128,4378,BUY,594080.0,873877.0
2022-12-26,1046128,4378,SELL,594080.0,279797.0
2023-03-31,1046128,4378,SELL,279797.0,0.0
2024-07-01,1046128,4378,BUY,736471.0,736471.0
2025-01-20,1046128,4378,BUY,304971.0,1041442.0
2024-06-30,1046128,4381,BUY,300113.8081,300113.8081
2025-01-20,1046128,4381,BUY,121178.0,421291.8081
2017-03-31,1046129,4378,BUY,385954.0,385954.0
2023-03-31,1046129,4378,SELL,385954.0,0.0
2018-09-17,1046130,4378,BUY,707801.0,707801.0
2018-10-26,1046130,4378,SELL,707801.0,0.0
2018-10-26,1046130,4378,BUY,566240.8,566240.8
2019-07-16,1046130,4378,BUY,1597638.0,2163878.8
2019-09-02,1046130,4378,BUY,1034276.0,3198154.8
2021-06-30,1046130,4378,SELL,1597638.0,1600516.7999999998
2021-09-01,1046130,4378,BUY,1000402.0,2600918.8
2023-04-01,1046130,4378,BUY,417823.0,3018741.8
2023-05-31,1046130,4378,SELL,2452501.0,566240.7999999998
2024-01-15,1046130,4378,BUY,15456130.0,16022370.8
2024-05-01,1046130,4378,SELL,15456130.0,566240.8000000007
2023-04-01,1046130,4381,BUY,1000402.0,1000402.0
2023-05-31,1046130,4381,SELL,1000402.0,0.0
2024-01-15,1046130,4381,BUY,6298414.0,6298414.0
2024-05-01,1046130,4381,SELL,6298414.0,0.0
2020-03-31,1046141,4227,BUY,561.0,561.0
2020-08-31,1046141,4227,SELL,561.0,0.0
2022-08-16,1046141,4227,BUY,348.0,348.0
2023-12-02,1046141,4227,SELL,348.0,0.0
2024-04-14,1046141,4227,BUY,279.0,279.0
2025-03-21,1046141,4227,BUY,2559.0,2838.0
2025-03-24,1046141,4377,BUY,7.0,7.0
2017-02-28,1046142,4378,BUY,130555.0,130555.0
2020-04-01,1046142,4378,SELL,130555.0,0.0
2021-05-17,1046143,4227,BUY,1885.0,1885.0
2025-03-21,1046143,4227,BUY,943.0,2828.0
2025-03-21,1046143,4377,BUY,7.0,7.0
2020-03-31,1046145,4227,BUY,5589.0,5589.0
2021-02-15,1046145,4227,SELL,5589.0,0.0
2021-11-01,1046145,4227,BUY,836.0,836.0
2025-03-21,1046145,4227,BUY,1980.0,2816.0
2025-03-24,1046145,4377,BUY,7.0,7.0
2017-06-16,1046146,4378,BUY,79311.0,79311.0
2018-04-02,1046146,4378,SELL,79311.0,0.0
2020-03-02,1046146,4378,BUY,47381.0,47381.0
2021-11-15,1046146,4378,SELL,47381.0,0.0
2017-02-28,1046148,4378,BUY,238368.0,238368.0
2018-05-02,1046148,4378,SELL,238368.0,0.0
2021-06-15,1046148,4378,BUY,326796.0,326796.0
2023-04-01,1046148,4378,BUY,474349.0,801145.0
2025-01-20,1046148,4378,SELL,801145.0,0.0
2023-04-01,1046148,4381,BUY,326796.0,326796.0
2025-01-20,1046148,4381,SELL,326796.0,0.0
2023-04-01,1046148,4385,BUY,326796.0,326796.0
2025-01-20,1046148,4385,SELL,326796.0,0.0
2020-03-31,1046149,4227,BUY,1716.0,1716.0
2021-11-01,1046149,4227,SELL,1716.0,0.0
2025-03-21,1046149,4227,BUY,11310.0,11310.0
2025-03-24,1046149,4377,BUY,28.0,28.0
2018-04-02,1046150,4378,BUY,67519.0,67519.0
2020-03-02,1046150,4378,SELL,67519.0,0.0
2025-03-21,1046153,4227,BUY,6059.0,6059.0
2025-03-21,1046153,4377,BUY,12.0,12.0
2025-03-24,1046153,4377,BUY,3.0,15.0
2017-02-28,1046154,4378,BUY,7507.0,7507.0
2017-05-02,1046154,4378,SELL,7507.0,0.0
2021-04-30,1046157,4227,BUY,891.0,891.0
2021-07-16,1046157,4227,SELL,891.0,0.0
2021-12-01,1046157,4227,BUY,649.0,649.0
2023-01-04,1046157,4227,SELL,649.0,0.0
2023-03-31,1046157,4227,BUY,835.0,835.0
2023-09-19,1046157,4227,SELL,835.0,0.0
2023-12-15,1046157,4227,BUY,1193.0,1193.0
2024-04-14,1046157,4227,SELL,1193.0,0.0
2020-03-31,1046159,4227,BUY,306.0,306.0
2020-12-15,1046159,4227,BUY,213.0,519.0
2021-11-01,1046159,4227,SELL,213.0,306.0
2025-03-21,1046159,4227,BUY,1710.0,2016.0
2025-03-21,1046159,4377,BUY,5.0,5.0
2017-02-28,1046164,4378,BUY,520576.0,520576.0
2021-05-17,1046164,4378,SELL,520576.0,0.0
2020-03-31,1046165,4227,BUY,2767.0,2767.0
2021-02-15,1046165,4227,SELL,2767.0,0.0
2021-04-30,1046165,4227,BUY,2156.0,2156.0
2021-07-16,1046165,4227,SELL,2156.0,0.0
2021-04-30,1046166,4227,BUY,1590.0,1590.0
2021-11-15,1046166,4227,SELL,1590.0,0.0
2025-03-21,1046166,4227,BUY,6867.0,6867.0
2025-03-21,1046166,4377,BUY,17.0,17.0
2017-07-31,1046169,4378,BUY,12228.0,12228.0
2017-11-17,1046169,4378,BUY,11838.0,24066.0
2017-11-17,1046169,4378,BUY,10470.0,34536.0
2018-01-02,1046169,4378,SELL,12228.0,22308.0
2023-03-31,1046169,4378,SELL,22308.0,0.0
2020-10-15,1046173,4227,BUY,1825.0,1825.0
2021-09-01,1046173,4227,SELL,1825.0,0.0
2022-08-16,1046173,4227,BUY,1732.0,1732.0
2025-03-21,1046173,4227,BUY,4744.0,6476.0
2025-03-21,1046173,4377,BUY,16.0,16.0
2025-01-20,1046174,4375,BUY,2000.0,2000.0
2025-01-20,1046174,4378,BUY,3202782.0,3202782.0
2025-01-20,1046174,4381,BUY,1326760.0,1326760.0
2020-01-02,1046179,4378,BUY,521120.0,521120.0
2020-05-15,1046179,4378,SELL,521120.0,0.0
2023-04-01,1046180,4378,BUY,2109693.0,2109693.0
2025-01-20,1046180,4378,SELL,2109693.0,0.0
2023-04-01,1046180,4381,BUY,860567.0,860567.0
2025-01-20,1046180,4381,SELL,860567.0,0.0
2025-01-20,1046182,4375,BUY,2000.0,2000.0
2017-02-28,1046182,4378,BUY,806962.0,806962.0
2023-03-31,1046182,4378,SELL,806962.0,0.0
2025-01-20,1046182,4378,BUY,3202782.0,3202782.0
2025-01-20,1046182,4381,BUY,1326760.0,1326760.0
2021-02-15,1046183,4227,BUY,381.0,381.0
2021-04-30,1046183,4227,SELL,381.0,0.0
2021-07-27,1046184,4378,BUY,342664.0,342664.0
2021-12-31,1046184,4378,BUY,63294.0,405958.0
2022-03-01,1046184,4378,SELL,342664.0,63294.0
2022-06-30,1046184,4378,SELL,63294.0,0.0
2025-03-21,1046186,4227,BUY,4039.0,4039.0
2025-03-21,1046186,4377,BUY,10.0,10.0
2018-12-03,1046187,4378,BUY,2458495.0,2458495.0
2019-11-01,1046187,4378,SELL,2458495.0,0.0
2021-02-01,1046188,4227,BUY,252.0,252.0
2021-12-01,1046188,4227,SELL,252.0,0.0
2025-03-21,1046188,4227,BUY,2020.0,2020.0
2025-05-12,1046188,4227,SELL,5.0,2015.0
2025-05-23,1046188,4227,SELL,2018.0,0.0
2025-03-21,1046188,4377,BUY,4.0,4.0
2025-03-24,1046188,4377,BUY,1.0,5.0
2025-05-07,1046188,4377,SELL,5.0,0.0
2018-04-16,1046192,4378,BUY,1907558.0,1907558.0
2021-11-15,1046192,4378,SELL,1907558.0,0.0
2017-12-01,1046193,4378,BUY,585939.0,585939.0
2018-12-03,1046193,4378,SELL,585939.0,0.0
2020-03-31,1046195,4227,BUY,552.0,552.0
2022-02-14,1046195,4227,SELL,552.0,0.0
2025-03-21,1046195,4227,BUY,5655.0,5655.0
2025-03-21,1046195,4377,BUY,14.0,14.0
2017-02-28,1046198,4378,BUY,187903.0,187903.0
2017-05-02,1046198,4378,SELL,187903.0,0.0
2025-01-20,1046201,4375,BUY,500.0,500.0
2020-01-02,1046201,4378,BUY,232645.0,232645.0
2023-04-01,1046201,4378,BUY,337688.0,570333.0
2025-01-20,1046201,4378,BUY,236450.0,806783.0
2023-04-01,1046201,4381,BUY,232645.0,232645.0
2025-01-20,1046201,4381,BUY,101528.0,334173.0
2023-04-01,1046201,4385,BUY,232645.0,232645.0
2025-01-20,1046201,4385,BUY,101528.0,334173.0
2022-06-30,1046202,4378,BUY,2871536.0,2871536.0
2022-12-26,1046202,4378,SELL,2871536.0,0.0
2025-01-20,1046204,4375,BUY,1000.0,1000.0
2018-08-01,1046204,4378,BUY,1432901.0,1432901.0
2023-03-31,1046204,4378,SELL,1432901.0,0.0
2025-01-20,1046204,4378,BUY,1601391.0,1601391.0
2025-01-20,1046204,4381,BUY,663380.0,663380.0
2025-01-20,1046204,4385,BUY,663380.0,663380.0
2025-01-20,1046208,4375,BUY,500.0,500.0
2025-01-20,1046208,4378,BUY,800695.0,800695.0
2025-01-20,1046208,4381,BUY,331690.0,331690.0
2025-01-20,1046208,4385,BUY,331690.0,331690.0
2021-09-30,1046214,4227,BUY,1319.0,1319.0
2025-03-21,1046214,4227,SELL,1319.0,0.0
2020-03-31,1046216,4227,BUY,742.0,742.0
2020-05-29,1046216,4227,BUY,1017.0,1759.0
2021-02-01,1046216,4227,SELL,742.0,1017.0
2021-02-01,1046216,4227,SELL,1017.0,0.0
2025-03-21,1046216,4227,BUY,3635.0,3635.0
2025-03-21,1046216,4377,BUY,9.0,9.0
2020-03-31,1046217,4227,BUY,2645.0,2645.0
2020-10-15,1046217,4227,SELL,2645.0,0.0
2017-02-28,1046229,4378,BUY,4846156.0,4846156.0
2017-12-01,1046229,4378,SELL,4846156.0,0.0
2018-02-28,1046229,4378,BUY,4889226.0,4889226.0
2018-11-01,1046229,4378,SELL,4889226.0,0.0
2021-04-30,1046229,4378,BUY,2502236.0,2502236.0
2023-04-01,1046229,4378,BUY,3632035.0,6134271.0
2025-01-20,1046229,4378,SELL,6134271.0,0.0
2023-04-01,1046229,4381,BUY,2502236.0,2502236.0
2025-01-20,1046229,4381,SELL,2502236.0,0.0
2023-04-01,1046229,4385,BUY,2502236.0,2502236.0
2025-01-20,1046229,4385,SELL,2502236.0,0.0
2025-03-21,1046231,4227,BUY,9291.0,9291.0
2025-03-21,1046231,4377,BUY,23.0,23.0
2020-03-31,1046234,4227,BUY,1151.0,1151.0
2021-05-17,1046234,4227,SELL,1151.0,0.0
2021-11-01,1046234,4227,BUY,1585.0,1585.0
2021-11-15,1046234,4227,BUY,1302.0,2887.0
2025-03-21,1046234,4227,SELL,2887.0,0.0
2025-03-26,1046238,4376,BUY,38.0,38.0
2021-06-30,1046238,4379,BUY,356383.0,356383.0
2025-01-21,1046238,4379,SELL,356383.0,0.0
2021-06-29,1046238,4383,BUY,356383.0,356383.0
2025-03-26,1046238,4383,BUY,2368210.0,2724593.0
2024-05-01,1046239,4378,BUY,251809.0,251809.0
2025-01-20,1046239,4378,SELL,251809.0,0.0
2024-05-01,1046239,4381,BUY,102613.0,102613.0
2025-01-20,1046239,4381,SELL,102613.0,0.0
2024-05-01,1046239,4385,BUY,102613.0,102613.0
2025-01-20,1046239,4385,SELL,102613.0,0.0
2019-04-01,1046240,4378,BUY,696052.0,696052.0
2020-08-31,1046240,4378,SELL,696052.0,0.0
2017-02-28,1046241,4378,BUY,1496641.0,1496641.0
2020-04-01,1046241,4378,SELL,1496641.0,0.0
2022-08-15,1046241,4378,BUY,7819184.0,7819184.0
2022-12-26,1046241,4378,SELL,7819184.0,0.0
2018-05-02,1046244,4378,BUY,243419.0,243419.0
2021-06-15,1046244,4378,SELL,243419.0,0.0
2025-05-23,1046248,4375,BUY,300.0,300.0
2025-05-23,1046248,4375,BUY,174.0,474.0
2025-05-23,1046248,4375,BUY,126.0,600.0
2025-05-23,1046248,4381,BUY,183880.0,183880.0
2025-05-23,1046248,4381,BUY,106650.0,290530.0
2025-05-23,1046248,4381,BUY,77230.0,367760.0
2025-05-23,1046248,4385,BUY,113507.0,113507.0
2025-05-23,1046248,4385,BUY,65834.0,179341.0
2025-05-23,1046248,4385,BUY,47673.0,227014.0
2020-03-31,1046250,4227,BUY,1913.0,1913.0
2020-08-31,1046250,4227,SELL,1913.0,0.0
2021-09-16,1046250,4227,BUY,2063.0,2063.0
2025-03-21,1046250,4227,SELL,2063.0,0.0
2020-03-31,1046251,4227,BUY,818.0,818.0
2021-04-30,1046251,4227,SELL,818.0,0.0
2017-12-15,1046254,4378,BUY,984857.0,984857.0
2020-01-16,1046254,4378,SELL,984857.0,0.0
2021-02-15,1046257,4227,BUY,4455.0,4455.0
2021-04-30,1046257,4227,BUY,655.0,5110.0
2024-05-01,1046257,4227,SELL,4455.0,655.0
2025-03-21,1046257,4227,BUY,7420.0,8075.0
2025-03-21,1046257,4377,BUY,19.0,19.0
2025-03-24,1046257,4377,BUY,1.0,20.0
2019-02-18,1046260,4378,BUY,3904142.0,3904142.0
2019-08-12,1046260,4378,SELL,3904142.0,0.0
2019-08-12,1046260,4378,BUY,3946183.42,3946183.42
2017-02-28,1046261,4378,BUY,987494.0,987494.0
2017-05-02,1046261,4378,SELL,987494.0,0.0
2020-03-31,1046267,4227,BUY,4547.0,4547.0
2021-11-01,1046267,4227,SELL,4547.0,0.0
2022-09-29,1046267,4227,BUY,61777.0,61777.0
2025-03-21,1046267,4227,BUY,8508.0,70285.0
2025-03-21,1046267,4377,BUY,174.0,174.0
2025-01-22,1046269,4375,BUY,3000.0,3000.0
2017-02-28,1046269,4378,BUY,5597677.0,5597677.0
2019-11-01,1046269,4378,BUY,6031744.0,11629421.0
2019-12-02,1046269,4378,BUY,5988498.0,17617919.0
2020-08-31,1046269,4378,SELL,6031744.0,11586175.0
2020-08-31,1046269,4378,SELL,5988498.0,5597677.0
2021-04-30,1046269,4378,BUY,1237143.0,6834820.0
2021-11-01,1046269,4378,BUY,2676614.0,9511434.0
2023-03-31,1046269,4378,SELL,2949673.0,6561761.0
2024-05-01,1046269,4378,SELL,6561761.0,0.0
2024-06-03,1046269,4378,BUY,9680525.0,9680525.0
2025-01-20,1046269,4378,SELL,7194416.0,2486109.0
2023-04-01,1046269,4381,BUY,2676614.0,2676614.0
2024-03-05,1046269,4381,SELL,49346283.0,0.0
2024-03-05,1046269,4381,BUY,3944839.524,3944839.524
2024-05-01,1046269,4381,SELL,2676614.0,1268225.5240000002
2024-06-03,1046269,4381,BUY,49346283.0,50614508.524000004
2025-01-20,1046269,4381,SELL,3105137.0,47509371.524000004
2017-04-14,1046272,4378,BUY,223029.0,223029.0
2023-03-31,1046272,4378,SELL,223029.0,0.0
2021-02-01,1046275,4227,BUY,3632.0,3632.0
2021-05-17,1046275,4227,SELL,3632.0,0.0
2025-03-21,1046275,4227,BUY,4847.0,4847.0
2025-03-21,1046275,4377,BUY,12.0,12.0
2020-04-01,1046277,4378,BUY,1111767.0,1111767.0
2020-08-31,1046277,4378,SELL,1111767.0,0.0
2022-03-01,1046277,4378,BUY,3172330.0,3172330.0
2022-08-15,1046277,4378,SELL,3172330.0,0.0
2025-05-23,1046285,4375,BUY,6000.0,6000.0
2018-11-01,1046285,4378,BUY,5818798.0,5818798.0
2023-03-31,1046285,4378,SELL,5818798.0,0.0
2025-05-23,1046285,4381,BUY,3677601.0,3677601.0
2025-05-23,1046285,4385,BUY,2270146.13,2270146.13
2017-05-31,1046304,4378,BUY,899526.0,899526.0
2023-03-31,1046304,4378,SELL,899526.0,0.0
2020-03-31,1046309,4227,BUY,145.0,145.0
2020-12-15,1046309,4227,SELL,145.0,0.0
2020-03-31,1046310,4227,BUY,288.0,288.0
2021-04-01,1046310,4227,SELL,288.0,0.0
2025-03-21,1046310,4227,BUY,10502.0,10502.0
2025-03-21,1046310,4377,BUY,26.0,26.0
2025-01-20,1046312,4375,BUY,2000.0,2000.0
2025-01-20,1046312,4378,BUY,3202782.0,3202782.0
2025-01-20,1046312,4381,BUY,1326760.0,1326760.0
2025-01-20,1046312,4385,BUY,1326760.0,1326760.0
2018-02-28,1046315,4378,BUY,22925.0,22925.0
2020-04-30,1046315,4378,SELL,22925.0,0.0
2025-03-21,1046318,4227,BUY,37566.0,37566.0
2025-03-24,1046318,4377,BUY,93.0,93.0
2020-03-31,1046319,4227,BUY,3061.0,3061.0
2020-05-29,1046319,4227,SELL,3061.0,0.0
2021-02-01,1046319,4227,BUY,2186.0,2186.0
2025-03-21,1046319,4227,BUY,5844.0,8030.0
2025-03-21,1046319,4377,BUY,42.0,42.0
2021-04-15,1046319,189191,SELL,2186.0,0.0
2021-04-15,1046319,189191,BUY,10930.0,10930.0
2017-05-31,1046326,4378,BUY,1777910.0,1777910.0
2023-03-31,1046326,4378,SELL,1777910.0,0.0
2017-05-15,1046333,4378,BUY,816055.0,816055.0
2018-11-01,1046333,4378,SELL,816055.0,0.0
2017-02-28,1046334,4378,BUY,288013.0,288013.0
2018-02-28,1046334,4378,SELL,288013.0,0.0
2018-11-01,1046334,4378,BUY,587163.0,587163.0
2019-01-15,1046334,4378,SELL,587163.0,0.0
2019-11-01,1046334,4378,BUY,812749.0,812749.0
2023-04-01,1046334,4378,BUY,1179718.0,1992467.0
2024-05-01,1046334,4378,SELL,1992467.0,0.0
2023-04-01,1046334,4381,BUY,812749.0,812749.0
2024-05-01,1046334,4381,SELL,812749.0,0.0
2023-04-01,1046334,4385,BUY,812749.0,812749.0
2024-05-01,1046334,4385,SELL,812749.0,0.0
2020-03-31,1046370,4227,BUY,1703.0,1703.0
2021-02-15,1046370,4227,SELL,1703.0,0.0
2021-06-30,1046370,4227,BUY,2325.0,2325.0
2025-03-21,1046370,4227,SELL,2325.0,0.0
2020-08-31,1046373,4378,BUY,363703.0,363703.0
2020-08-31,1046373,4378,BUY,349953.0,713656.0
2021-04-30,1046373,4378,SELL,363703.0,349953.0
2022-02-14,1046373,4378,SELL,349953.0,0.0
2021-08-13,1046378,4227,BUY,13313.0,13313.0
2021-11-01,1046378,4227,BUY,13846.0,27159.0
2024-07-15,1046378,4227,SELL,13313.0,13846.0
2025-03-21,1046378,4227,BUY,165869.0,179715.0
2025-03-21,1046378,4377,BUY,50.0,50.0
2025-03-24,1046378,4377,BUY,395.0,445.0
2025-01-20,1046381,4375,BUY,5000.0,5000.0
2017-02-28,1046381,4378,BUY,8010312.0,8010312.0
2023-03-31,1046381,4378,SELL,8010312.0,0.0
2025-01-20,1046381,4378,BUY,8006954.0,8006954.0
2025-01-20,1046381,4381,BUY,3316900.0,3316900.0
2020-03-31,1046388,4227,BUY,630.0,630.0
2021-04-01,1046388,4227,SELL,630.0,0.0
2025-03-21,1046388,4227,BUY,11310.0,11310.0
2025-03-21,1046388,4377,BUY,28.0,28.0
2018-01-02,1046394,4378,BUY,2206740.0,2206740.0
2018-01-02,1046394,4378,BUY,3966133.0,6172873.0
2018-05-02,1046394,4378,BUY,4101649.0,10274522.0
2023-03-31,1046394,4378,SELL,10274522.0,0.0
2017-02-28,1046397,4378,BUY,1139754.0,1139754.0
2023-03-31,1046397,4378,SELL,1139754.0,0.0
2024-05-01,1046398,4378,BUY,11837460.0,11837460.0
2025-01-20,1046398,4378,SELL,11837460.0,0.0
2024-05-01,1046398,4381,SELL,68379382.0,0.0
2024-05-01,1046398,4381,BUY,4823796.482,4823796.482
2024-05-01,1046398,4381,BUY,68379382.0,73203178.482
2025-01-20,1046398,4381,SELL,4823796.0,68379382.482
2024-05-01,1046398,4385,BUY,68379382.0,68379382.0
2024-05-01,1046398,4385,SELL,68379382.0,0.0
2024-05-01,1046398,4385,BUY,4823796.0,4823796.0
2025-01-20,1046398,4385,SELL,4823796.0,0.0
2020-10-05,1046409,4227,BUY,3454.0,3454.0
2024-05-02,1046409,4227,SELL,3454.0,0.0
2020-07-01,1046411,4227,BUY,1017.0,1017.0
2021-06-30,1046411,4227,SELL,1017.0,0.0
2017-02-28,1046415,4378,BUY,256765.0,256765.0
2017-05-31,1046415,4378,SELL,256765.0,0.0
2018-02-28,1046419,4378,SELL,342282.0,0.0
2025-02-20,1046419,4378,BUY,342282.0,342282.0
2025-01-20,1046439,4375,BUY,1000.0,1000.0
2017-02-28,1046439,4378,BUY,869692.0,869692.0
2018-11-01,1046439,4378,SELL,869692.0,0.0
2025-01-20,1046439,4378,BUY,1601391.0,1601391.0
2025-01-20,1046439,4381,BUY,663380.0,663380.0
2017-05-15,1046444,4378,BUY,367594.0,367594.0
2017-06-23,1046444,4378,SELL,367594.0,0.0
2017-06-23,1046444,4378,BUY,735188.0,735188.0
2017-10-16,1046444,4378,SELL,735188.0,0.0
2020-01-02,1046444,4378,BUY,550274.0,550274.0
2021-02-15,1046444,4378,SELL,550274.0,0.0
2017-02-28,1046453,4378,BUY,1592147.0,1592147.0
2017-04-14,1046453,4378,SELL,1592147.0,0.0
2019-12-02,1046453,4378,BUY,2986340.0,2986340.0
2020-07-15,1046453,4378,SELL,2986340.0,0.0
2021-07-16,1046453,4378,BUY,2738713.0,2738713.0
2022-01-28,1046453,4378,SELL,2738713.0,0.0
2020-03-31,1046454,4227,BUY,1671.0,1671.0
2020-07-01,1046454,4227,SELL,1671.0,0.0
2025-01-20,1046460,4375,BUY,4000.0,4000.0
2017-10-16,1046460,4378,BUY,1260350.0,1260350.0
2017-12-01,1046460,4378,SELL,1260350.0,0.0
2025-01-20,1046460,4378,BUY,6405564.0,6405564.0
2025-01-20,1046460,4381,BUY,2653520.0,2653520.0
2025-01-20,1046460,4385,BUY,2653520.0,2653520.0
2021-04-01,1046467,4227,BUY,1573.0,1573.0
2021-11-15,1046467,4227,SELL,1573.0,0.0
2022-02-14,1046467,4227,BUY,1550.0,1550.0
2022-04-29,1046467,4227,SELL,1550.0,0.0
2025-03-21,1046467,4227,BUY,31911.0,31911.0
2025-03-24,1046467,4377,BUY,79.0,79.0
2019-03-01,1046468,4378,BUY,1469641.0,1469641.0
2020-01-02,1046468,4378,SELL,1469641.0,0.0
2018-08-01,1046470,4378,BUY,2257351.0,2257351.0
2019-03-01,1046470,4378,SELL,2257351.0,0.0
2020-10-30,1046474,4227,BUY,1378.0,1378.0
2024-02-01,1046474,4227,SELL,1378.0,0.0
2017-05-15,1046477,4378,BUY,1370437.0,1370437.0
2017-10-02,1046477,4378,SELL,1370437.0,0.0
2018-11-01,1046479,4378,BUY,2969551.0,2969551.0
2019-10-15,1046479,4378,SELL,2969551.0,0.0
2020-07-01,1046479,4378,BUY,1496145.0,1496145.0
2020-07-01,1046479,4378,BUY,2027338.0,3523483.0
2021-04-30,1046479,4378,SELL,2027338.0,1496145.0
2021-06-15,1046479,4378,SELL,1496145.0,0.0
2021-02-15,1046480,4227,BUY,5801.0,5801.0
2024-06-03,1046480,4227,SELL,5801.0,0.0
2025-01-20,1046481,4375,BUY,600.0,600.0
2017-02-28,1046481,4378,BUY,1276362.0,1276362.0
2017-03-31,1046481,4378,SELL,1276362.0,0.0
2020-04-30,1046481,4378,BUY,341290.0,341290.0
2023-03-31,1046481,4378,SELL,341290.0,0.0
2025-01-20,1046481,4378,BUY,960835.0,960835.0
2025-01-20,1046481,4381,BUY,398028.0,398028.0
2025-01-20,1046481,4385,BUY,398028.0,398028.0
2017-12-15,1046492,4378,BUY,1670038.0,1670038.0
2020-07-15,1046492,4378,BUY,888883.0,2558921.0
2021-07-16,1046492,4378,SELL,888883.0,1670038.0
2023-03-31,1046492,4378,SELL,1670038.0,0.0
2021-07-16,1046500,4378,BUY,10680837.0,10680837.0
2023-04-01,1046500,4378,BUY,15503401.0,26184238.0
2025-01-20,1046500,4378,SELL,26184238.0,0.0
2023-04-01,1046500,4381,BUY,10680837.0,10680837.0
2025-01-20,1046500,4381,SELL,10680837.0,0.0
2021-07-16,1046503,4378,BUY,620866.0,620866.0
2021-09-01,1046503,4378,SELL,620866.0,0.0
2022-02-14,1046503,4378,BUY,1890547.0,1890547.0
2022-06-30,1046503,4378,SELL,1890547.0,0.0
2023-12-01,1046503,4378,BUY,20399382.0,20399382.0
2024-01-15,1046503,4378,SELL,20399382.0,0.0
2024-05-01,1046503,4378,BUY,3941123.0,3941123.0
2024-07-01,1046503,4378,SELL,3941123.0,0.0
2023-12-01,1046503,4381,BUY,8312802.0,8312802.0
2024-01-15,1046503,4381,SELL,8312802.0,0.0
2024-05-01,1046503,4381,BUY,1606018.0,1606018.0
2024-07-01,1046503,4381,SELL,1606018.0,0.0
2020-03-31,1046512,4227,BUY,3248.0,3248.0
2021-11-01,1046512,4227,SELL,3248.0,0.0
2022-02-14,1046515,4227,BUY,21703.0,21703.0
2025-03-21,1046515,4227,SELL,21703.0,0.0
2025-01-20,1046519,4375,BUY,8000.0,8000.0
2025-01-20,1046519,4378,BUY,12811127.0,12811127.0
2025-01-20,1046519,4381,BUY,5307040.0,5307040.0
2025-01-20,1046519,4385,BUY,5307040.0,5307040.0
2021-04-01,1046520,4227,BUY,2820.0,2820.0
2025-03-21,1046520,4227,SELL,2820.0,0.0
2021-02-01,1046524,4227,BUY,4696.0,4696.0
2021-12-01,1046524,4227,SELL,4696.0,0.0
2022-01-28,1046525,4378,BUY,11339092.0,11339092.0
2023-04-01,1046525,4378,BUY,16458869.0,27797961.0
2025-01-20,1046525,4378,SELL,27797961.0,0.0
2023-04-01,1046525,4381,BUY,11339092.0,11339092.0
2025-01-20,1046525,4381,SELL,11339092.0,0.0
2023-04-01,1046525,4385,BUY,11339092.0,11339092.0
2025-01-20,1046525,4385,SELL,11339092.0,0.0
2025-01-20,1046526,4375,BUY,2000.0,2000.0
2020-08-31,1046526,4378,BUY,1758575.0,1758575.0
2021-02-01,1046526,4378,SELL,1758575.0,0.0
2025-01-20,1046526,4378,BUY,3202782.0,3202782.0
2025-01-20,1046526,4381,BUY,1326760.0,1326760.0
2025-01-20,1046526,4385,BUY,1326760.0,1326760.0
2024-02-01,1046538,4227,BUY,3659.0,3659.0
2025-03-21,1046538,4227,SELL,3659.0,0.0
2020-03-31,1046540,4227,BUY,776.0,776.0
2020-10-05,1046540,4227,SELL,776.0,0.0
2021-02-15,1046548,4378,BUY,1836868.0,1836868.0
2023-04-01,1046548,4378,BUY,2770255.0,4607123.0
2025-01-20,1046548,4378,SELL,4607123.0,0.0
2023-04-01,1046548,4381,BUY,1836868.0,1836868.0
2025-01-20,1046548,4381,SELL,1836868.0,0.0
2023-04-01,1046548,4385,BUY,1836868.0,1836868.0
2025-01-20,1046548,4385,SELL,1836868.0,0.0
2025-01-20,1046552,4375,BUY,400.0,400.0
2017-05-02,1046552,4378,BUY,1437970.0,1437970.0
2017-05-02,1046552,4378,BUY,1050286.0,2488256.0
2017-09-01,1046552,4378,SELL,1437970.0,1050286.0
2017-09-01,1046552,4378,SELL,1050286.0,0.0
2019-03-01,1046552,4378,BUY,1487291.0,1487291.0
2021-04-01,1046552,4378,SELL,1487291.0,0.0
2022-06-30,1046552,4378,BUY,616309.0,616309.0
2023-04-01,1046552,4378,BUY,894582.0,1510891.0
2025-01-20,1046552,4378,SELL,316770.0,1194121.0
2023-04-01,1046552,4381,BUY,616309.0,616309.0
2025-01-20,1046552,4381,SELL,125152.0,491157.0
2023-04-01,1046552,4385,BUY,616309.0,616309.0
2025-01-20,1046552,4385,SELL,125152.0,491157.0
2020-03-31,1046569,4227,BUY,100648.0,100648.0
2021-04-30,1046569,4227,SELL,100648.0,0.0
2025-01-22,1046572,4375,BUY,2000.0,2000.0
2025-05-23,1046572,4375,SELL,2000.0,0.0
2017-02-28,1046572,4378,BUY,1057086.0,1057086.0
2017-11-01,1046572,4378,BUY,853920.0,1911006.0
2018-09-17,1046572,4378,SELL,853920.0,1057086.0
2021-02-01,1046572,4378,SELL,1057086.0,0.0
2021-04-30,1046572,4378,BUY,2106860.0,2106860.0
2021-07-16,1046572,4378,SELL,2106860.0,0.0
2025-01-20,1046572,4378,BUY,3202782.0,3202782.0
2025-01-20,1046572,4381,BUY,1326760.0,1326760.0
2025-05-23,1046572,4381,SELL,1225867.0,100893.0
2025-05-23,1046572,4385,SELL,756715.0,0.0
2025-03-21,1046583,4227,BUY,168037.0,168037.0
2025-03-21,1046583,4377,BUY,416.0,416.0
2021-11-15,1046594,4378,BUY,11926530.0,11926530.0
2022-12-26,1046594,4378,SELL,11926530.0,0.0
2021-06-29,1046595,4383,BUY,35159.0,35159.0
2024-05-02,1046595,4383,SELL,35159.0,0.0
2017-02-28,1046601,4378,BUY,1440061.0,1440061.0
2017-06-16,1046601,4378,BUY,1628280.0,3068341.0
2017-11-17,1046601,4378,SELL,1440061.0,1628280.0
2023-03-31,1046601,4378,SELL,1628280.0,0.0
2021-11-01,1046602,4227,BUY,1414.0,1414.0
2025-03-21,1046602,4227,BUY,21613.0,23027.0
2025-03-21,1046602,4377,BUY,57.0,57.0
2017-02-28,1046605,4378,BUY,128028.0,128028.0
2017-05-15,1046605,4378,SELL,128028.0,0.0
2018-07-02,1046606,4378,BUY,1046394.0,1046394.0
2020-08-31,1046606,4378,BUY,1181407.0,2227801.0
2022-12-26,1046606,4378,SELL,1046394.0,1181407.0
2022-12-27,1046606,4378,SELL,1181407.0,0.0
2017-02-28,1046609,4378,BUY,1660351.0,1660351.0
2017-06-16,1046609,4378,SELL,1660351.0,0.0
2020-03-31,1046614,4227,BUY,1031.0,1031.0
2021-02-01,1046614,4227,SELL,1031.0,0.0
2021-12-01,1046614,4227,BUY,598.0,598.0
2025-03-21,1046614,4227,SELL,598.0,0.0
2020-01-16,1046617,4378,BUY,923116.0,923116.0
2020-07-15,1046617,4378,SELL,923116.0,0.0
2025-01-20,1046618,4375,BUY,18000.0,18000.0
2024-05-01,1046618,4378,BUY,3297527.0,3297527.0
2025-01-20,1046618,4378,SELL,337978.0,2959549.0
2024-05-01,1046618,4381,BUY,1343751.0,1343751.0
2025-01-20,1046618,4381,SELL,118271.0,1225480.0
2024-05-01,1046618,4385,BUY,1343751.0,1343751.0
2025-01-20,1046618,4385,SELL,118271.0,1225480.0
2020-03-31,1046620,4227,BUY,188.0,188.0
2021-02-15,1046620,4227,SELL,188.0,0.0
2017-12-01,1046626,4378,BUY,1490171.0,1490171.0
2018-08-01,1046626,4378,SELL,1490171.0,0.0
2020-03-31,1046627,4227,BUY,1515.0,1515.0
2021-11-15,1046627,4227,SELL,1515.0,0.0
2020-03-31,1046629,4227,BUY,481.0,481.0
2021-08-13,1046629,4227,SELL,481.0,0.0
2017-09-01,1046631,4378,BUY,1858043.0,1858043.0
2018-04-16,1046631,4378,SELL,1858043.0,0.0
2020-03-31,1046632,4227,BUY,553.0,553.0
2020-11-30,1046632,4227,SELL,553.0,0.0
2021-08-13,1046632,4227,BUY,909.0,909.0
2025-03-21,1046632,4227,SELL,909.0,0.0
2025-01-20,1046633,4375,BUY,700.0,700.0
2017-02-28,1046633,4378,BUY,4439763.0,4439763.0
2023-03-31,1046633,4378,SELL,4439763.0,0.0
2025-01-20,1046633,4378,BUY,1120974.0,1120974.0
2025-01-20,1046633,4381,BUY,464366.0,464366.0
2017-02-28,1046637,4378,BUY,334401.0,334401.0
2017-12-01,1046637,4378,SELL,334401.0,0.0
2021-12-31,1046638,4378,BUY,3223338.0,3223338.0
2023-03-31,1046638,4378,SELL,3223338.0,0.0
2023-04-01,1046638,4378,BUY,7902063.0,7902063.0
2025-01-20,1046638,4378,SELL,7902063.0,0.0
2023-04-01,1046638,4381,BUY,3223338.0,3223338.0
2025-01-20,1046638,4381,SELL,3223338.0,0.0
2023-04-01,1046638,4385,BUY,3223338.0,3223338.0
2025-01-20,1046638,4385,SELL,3223338.0,0.0
2017-04-14,1046639,4378,BUY,2638831.0,2638831.0
2017-05-31,1046639,4378,SELL,2638831.0,0.0
2019-04-01,1046639,4378,BUY,2041566.0,2041566.0
2019-09-02,1046639,4378,SELL,2041566.0,0.0
2025-03-21,1046644,4227,BUY,13330.0,13330.0
2025-03-21,1046644,4377,BUY,33.0,33.0
2019-01-02,1046645,4378,BUY,861886.0,861886.0
2020-01-02,1046645,4378,SELL,861886.0,0.0
2017-02-28,1046653,4378,BUY,342925.0,342925.0
2017-03-31,1046653,4378,SELL,342925.0,0.0
2020-04-01,1046653,4378,BUY,335195.0,335195.0
2021-07-27,1046653,4378,SELL,335195.0,0.0
2020-03-31,1046669,4227,BUY,772.0,772.0
2021-04-30,1046669,4227,SELL,772.0,0.0
2020-03-31,1046676,4227,BUY,4733.0,4733.0
2021-02-01,1046676,4227,SELL,4733.0,0.0
2025-03-21,1046676,4227,BUY,4443.0,4443.0
2025-03-21,1046676,4377,BUY,11.0,11.0
2017-06-30,1046678,4378,BUY,912581.0,912581.0
2017-12-15,1046678,4378,SELL,912581.0,0.0
2017-02-28,1046679,4378,BUY,4567704.0,4567704.0
2017-04-14,1046679,4378,SELL,4567704.0,0.0
2021-06-30,1046679,4378,BUY,9347188.0,9347188.0
2021-11-01,1046679,4378,SELL,9347188.0,0.0
2023-05-31,1046679,4378,BUY,122768098.0,122768098.0
2023-12-01,1046679,4378,SELL,122768098.0,0.0
2024-05-01,1046679,4378,BUY,57225119.0,57225119.0
2025-01-20,1046679,4378,SELL,57225119.0,0.0
2023-05-31,1046679,4381,BUY,50028325.0,50028325.0
2023-12-01,1046679,4381,SELL,50028325.0,0.0
2024-04-30,1046679,4381,SELL,158230600.0,0.0
2024-04-30,1046679,4381,BUY,23319387.47,23319387.47
2024-05-01,1046679,4381,BUY,158230600.0,181549987.47
2025-01-20,1046679,4381,SELL,23319387.0,158230600.47
2017-02-28,1046685,4378,BUY,2314177.0,2314177.0
2017-05-15,1046685,4378,SELL,2314177.0,0.0
2017-12-01,1046686,4378,BUY,735641.0,735641.0
2018-08-31,1046686,4378,SELL,735641.0,0.0
2024-05-01,1046695,4227,BUY,491.0,491.0
2025-03-21,1046695,4227,BUY,9609.0,10100.0
2025-03-21,1046695,4377,BUY,25.0,25.0
2020-07-15,1046699,4378,BUY,135018.0,135018.0
2023-04-01,1046699,4378,BUY,195981.0,330999.0
2024-05-01,1046699,4378,SELL,330999.0,0.0
2023-04-01,1046699,4381,BUY,135018.0,135018.0
2024-05-01,1046699,4381,SELL,135018.0,0.0
2023-04-01,1046699,4385,BUY,135018.0,135018.0
2024-05-01,1046699,4385,SELL,135018.0,0.0
2019-09-02,1046701,4378,BUY,3421263.0,3421263.0
2023-03-31,1046701,4378,SELL,3421263.0,0.0
2018-08-31,1046704,4378,BUY,140473.0,140473.0
2023-04-01,1046704,4378,BUY,203899.0,344372.0
2025-01-20,1046704,4378,SELL,344372.0,0.0
2023-04-01,1046704,4381,BUY,140473.0,140473.0
2025-01-20,1046704,4381,SELL,140473.0,0.0
2018-08-31,1046709,4378,BUY,4497704.0,4497704.0
2018-11-01,1046709,4378,SELL,4497704.0,0.0
2021-04-01,1046709,4378,BUY,1163956.0,1163956.0
2023-03-31,1046709,4378,SELL,1163956.0,0.0
2023-04-01,1046709,4378,BUY,2853456.0,2853456.0
2025-01-20,1046709,4378,SELL,2853456.0,0.0
2023-04-01,1046709,4381,BUY,1163956.0,1163956.0
2025-01-20,1046709,4381,SELL,1163956.0,0.0
2023-04-01,1046709,4385,BUY,1163956.0,1163956.0
2025-01-20,1046709,4385,SELL,1163956.0,0.0
2020-03-31,1046717,4227,BUY,9960.0,9960.0
2025-03-21,1046717,4227,SELL,9960.0,0.0
2021-05-17,1046722,4227,BUY,4121.0,4121.0
2021-11-01,1046722,4227,SELL,4121.0,0.0
2021-07-16,1046724,4378,BUY,325399.0,325399.0
2023-04-01,1046724,4378,BUY,472322.0,797721.0
2024-06-03,1046724,4378,SELL,797721.0,0.0
2023-04-01,1046724,4381,BUY,325399.0,325399.0
2024-06-03,1046724,4381,SELL,325399.0,0.0
2020-03-31,1046735,4227,BUY,11373.0,11373.0
2021-04-30,1046735,4227,SELL,11373.0,0.0
2021-11-01,1046735,4227,BUY,7493.0,7493.0
2025-03-21,1046735,4227,SELL,7493.0,0.0
2020-03-31,1046736,4227,BUY,769.0,769.0
2021-04-01,1046736,4227,SELL,769.0,0.0
2025-03-21,1046736,4227,BUY,18177.0,18177.0
2025-03-21,1046736,4377,BUY,45.0,45.0
2025-03-21,1046737,4227,BUY,51704.0,51704.0
2025-03-21,1046737,4377,BUY,128.0,128.0
2020-03-31,1046740,4227,BUY,5456.0,5456.0
2021-02-15,1046740,4227,SELL,5456.0,0.0
2021-04-01,1046749,4227,BUY,598.0,598.0
2024-05-01,1046749,4227,SELL,598.0,0.0
2025-03-21,1046749,4227,BUY,15350.0,15350.0
2025-03-21,1046749,4377,BUY,38.0,38.0
2025-03-26,1046776,4376,BUY,2.0,2.0
2021-06-30,1046776,4379,BUY,6937.0,6937.0
2022-10-18,1046776,4379,SELL,6937.0,0.0
2021-06-29,1046776,4383,BUY,6937.0,6937.0
2022-10-18,1046776,4383,SELL,6937.0,0.0
2025-03-26,1046776,4383,BUY,143434.0,143434.0
2021-11-15,1046827,4378,BUY,283623.0,283623.0
2021-12-31,1046827,4378,SELL,283623.0,0.0
2025-01-20,1046853,4375,BUY,1000.0,1000.0
2025-01-20,1046853,4378,BUY,1601391.0,1601391.0
2025-01-20,1046853,4381,BUY,663380.0,663380.0
2025-01-20,1046853,4385,BUY,663380.0,663380.0
2024-05-02,1047000,4383,BUY,120344.0,120344.0
2025-03-26,1047000,4383,SELL,120344.0,0.0
2022-07-15,1048278,4383,BUY,482570.0,482570.0
2025-03-26,1048278,4383,SELL,482570.0,0.0
2025-03-26,1048389,4376,BUY,2.0,2.0
2025-03-26,1048389,4383,BUY,143434.0,143434.0
2021-06-29,1048427,4383,BUY,11.0,11.0
2025-03-26,1048427,4383,SELL,11.0,0.0
2021-06-29,1048430,4383,BUY,105813.0,105813.0
2025-03-26,1048430,4383,SELL,105813.0,0.0
2022-07-15,1048432,4383,BUY,2280660.0,2280660.0
2025-03-26,1048432,4383,SELL,2280660.0,0.0
2021-06-30,1048434,4379,BUY,1290738.0,1290738.0
2024-05-02,1048434,4379,SELL,1290738.0,0.0
2021-06-29,1048434,4383,BUY,1290738.0,1290738.0
2024-05-02,1048434,4383,SELL,1290738.0,0.0
2021-06-30,1048696,4379,BUY,591295.0,591295.0
2022-07-15,1048696,4379,SELL,591295.0,0.0
2021-06-29,1048696,4383,BUY,591295.0,591295.0
2022-07-15,1048696,4383,SELL,591295.0,0.0
2022-09-29,1048725,4379,BUY,26091.0,26091.0
2025-01-21,1048725,4379,SELL,26091.0,0.0
2022-09-29,1048725,4383,BUY,26091.0,26091.0
2025-03-26,1048725,4383,SELL,26091.0,0.0
2021-06-29,1048741,4383,BUY,2819667.0,2819667.0
2025-03-26,1048741,4383,SELL,2819667.0,0.0
2020-03-31,1048754,4227,BUY,2584.0,2584.0
2021-08-13,1048754,4227,SELL,2584.0,0.0
2021-06-30,1048785,4379,BUY,2220666.0,2220666.0
2022-09-29,1048785,4379,SELL,2220666.0,0.0
2021-06-29,1048785,4383,BUY,2220666.0,2220666.0
2022-09-29,1048785,4383,SELL,2220666.0,0.0
2025-01-21,1050416,4368,BUY,34.0,34.0
2025-01-21,1050416,4379,BUY,243141.0,243141.0
2025-01-21,1050422,4368,BUY,64.0,64.0
2025-01-21,1050422,4379,BUY,457676.0,457676.0
2024-06-03,1050428,4379,BUY,49201.0,49201.0
2025-01-21,1050428,4379,SELL,49201.0,0.0
2024-06-03,1050428,4383,BUY,49201.0,49201.0
2025-03-26,1050428,4383,SELL,49201.0,0.0
2025-01-21,1050432,4368,BUY,11.0,11.0
2025-01-21,1050432,4379,BUY,78663.0,78663.0
2024-06-03,1050438,4379,BUY,172642.0,172642.0
2025-01-21,1050438,4379,SELL,172642.0,0.0
2024-06-03,1050438,4383,BUY,172642.0,172642.0
2025-03-26,1050438,4383,SELL,172642.0,0.0
2021-06-30,1050440,4379,BUY,9080.0,9080.0
2022-07-15,1050440,4379,SELL,9080.0,0.0
2021-06-29,1050440,4383,BUY,9080.0,9080.0
2022-07-15,1050440,4383,SELL,9080.0,0.0
2024-05-02,1050442,4379,BUY,1483352.0,1483352.0
2025-01-21,1050442,4379,SELL,1483352.0,0.0
2024-05-02,1050442,4383,BUY,1483352.0,1483352.0
2025-03-26,1050442,4383,SELL,1483352.0,0.0
2025-01-21,1050443,4368,BUY,19.0,19.0
2022-07-15,1050443,4379,BUY,502125.0,502125.0
2025-01-21,1050443,4379,SELL,374535.0,127590.0
2022-07-15,1050443,4383,BUY,502125.0,502125.0
2025-03-26,1050443,4383,SELL,502125.0,0.0
2022-07-15,1050446,4379,BUY,54486.0,54486.0
2024-06-03,1050446,4379,SELL,54486.0,0.0
2022-07-15,1050446,4383,BUY,54486.0,54486.0
2024-06-03,1050446,4383,SELL,54486.0,0.0
2021-06-30,1050452,4379,BUY,34136.0,34136.0
2025-01-21,1050452,4379,SELL,34136.0,0.0
2021-06-29,1050452,4383,BUY,34136.0,34136.0
2025-03-26,1050452,4383,SELL,34136.0,0.0
2025-01-21,1050464,4368,BUY,24.0,24.0
2021-06-30,1050464,4379,BUY,129596.0,129596.0
2022-07-15,1050464,4379,SELL,129596.0,0.0
2022-09-29,1050464,4379,BUY,10593.0,10593.0
2023-01-04,1050464,4379,SELL,10593.0,0.0
2025-01-20,1050464,4379,BUY,171629.0,171629.0
2021-06-29,1050464,4383,BUY,129596.0,129596.0
2022-07-15,1050464,4383,SELL,129596.0,0.0
2022-09-29,1050464,4383,BUY,10593.0,10593.0
2023-01-04,1050464,4383,SELL,10593.0,0.0
2023-10-04,1050467,4379,BUY,51778.0,51778.0
2025-01-21,1050467,4379,SELL,51778.0,0.0
2023-10-04,1050467,4383,BUY,51778.0,51778.0
2025-03-26,1050467,4383,SELL,51778.0,0.0
2025-01-21,1050468,4368,BUY,16.0,16.0
2025-01-20,1050468,4379,BUY,114419.0,114419.0
2025-01-21,1050470,4368,BUY,5.0,5.0
2025-01-20,1050470,4379,BUY,35756.0,35756.0
2023-02-01,1050477,4379,BUY,208786.0,208786.0
2024-06-03,1050477,4379,SELL,208786.0,0.0
2023-02-01,1050477,4383,BUY,208786.0,208786.0
2024-06-03,1050477,4383,SELL,208786.0,0.0
2024-06-03,1050478,4379,BUY,10560440.0,10560440.0
2024-06-03,1050478,4379,SELL,9698889.0,861551.0
2025-01-21,1050478,4379,SELL,861551.0,0.0
2024-06-03,1050478,4383,BUY,10560440.0,10560440.0
2025-03-26,1050478,4383,SELL,10560440.0,0.0
2021-06-30,1050479,4379,BUY,10118.0,10118.0
2022-09-29,1050479,4379,SELL,10118.0,0.0
2021-06-29,1050479,4383,BUY,10118.0,10118.0
2022-09-29,1050479,4383,SELL,10118.0,0.0
2025-01-21,1050482,4368,BUY,75.0,75.0
2025-01-20,1050482,4379,BUY,536340.0,536340.0
2025-01-21,1050502,4368,BUY,8.0,8.0
2025-05-23,1050502,4368,SELL,8.0,0.0
2025-01-20,1050502,4379,BUY,57210.0,57210.0
2025-05-23,1050502,4379,SELL,56472.0,738.0
2024-06-03,1050503,4379,BUY,33894.0,33894.0
2025-01-21,1050503,4379,SELL,33894.0,0.0
2024-06-03,1050503,4383,BUY,33894.0,33894.0
2025-03-26,1050503,4383,SELL,33894.0,0.0
2025-01-21,1050506,4368,BUY,33.0,33.0
2025-01-21,1050506,4379,BUY,235989.0,235989.0
2021-06-30,1050509,4379,BUY,10649.0,10649.0
2024-06-03,1050509,4379,SELL,10649.0,0.0
2021-06-29,1050509,4383,BUY,10649.0,10649.0
2024-06-03,1050509,4383,SELL,10649.0,0.0
2021-06-30,1050511,4379,BUY,43376.0,43376.0
2025-01-21,1050511,4379,SELL,43376.0,0.0
2021-06-29,1050511,4383,BUY,43376.0,43376.0
2025-03-26,1050511,4383,SELL,43376.0,0.0
2023-03-01,1050513,4379,BUY,2669572.0,2669572.0
2024-06-03,1050513,4379,SELL,2669572.0,0.0
2023-03-01,1050513,4383,BUY,2669572.0,2669572.0
2024-06-03,1050513,4383,SELL,2669572.0,0.0
2025-01-21,1050518,4368,BUY,3.0,3.0
2024-05-02,1050518,4379,BUY,6088.0,6088.0
2025-01-21,1050518,4379,BUY,15334.0,21422.0
2024-02-05,1050518,4383,BUY,6088.0,6088.0
2025-03-26,1050518,4383,SELL,6088.0,0.0
2025-01-21,1050525,4368,BUY,4.0,4.0
2025-01-20,1050525,4379,BUY,28605.0,28605.0
2025-01-21,1050531,4368,BUY,12.0,12.0
2025-01-20,1050531,4379,BUY,85814.0,85814.0
2021-06-30,1050532,4383,BUY,499295.0,499295.0
2025-03-26,1050532,4383,SELL,499295.0,0.0
2025-01-21,1050536,4368,BUY,27.0,27.0
2025-01-21,1050536,4379,BUY,193082.0,193082.0
2021-06-30,1050539,4383,BUY,56713.0,56713.0
2025-03-26,1050539,4383,SELL,56713.0,0.0
2025-05-23,1050545,4368,BUY,323.0,323.0
2025-05-23,1050545,4368,BUY,123.0,446.0
2025-05-23,1050545,4368,BUY,10.0,456.0
2025-05-23,1050545,4368,BUY,90.0,546.0
2025-05-23,1050545,4368,BUY,100.0,646.0
2025-05-23,1050545,4379,BUY,2280057.0,2280057.0
2025-05-23,1050545,4379,BUY,868257.0,3148314.0
2025-05-23,1050545,4379,BUY,70590.0,3218904.0
2025-05-23,1050545,4379,BUY,635310.0,3854214.0
2025-05-23,1050545,4379,BUY,705900.0,4560114.0
2025-01-21,1050550,4368,BUY,305.0,305.0
2025-05-23,1050550,4368,SELL,305.0,0.0
2025-05-23,1050550,4368,SELL,61.0,0.0
2025-05-23,1050550,4368,SELL,244.0,0.0
2025-01-20,1050550,4379,BUY,2181114.0,2181114.0
2025-05-23,1050550,4379,SELL,2152995.0,28119.0
2025-05-23,1050550,4379,SELL,430599.0,0.0
2025-05-23,1050550,4379,SELL,1722396.0,0.0
2021-11-15,1061570,4227,BUY,6505.0,6505.0
2025-03-21,1061570,4227,SELL,6505.0,0.0
2020-03-31,1061571,4227,BUY,971.0,971.0
2021-02-01,1061571,4227,BUY,483.0,1454.0
2022-04-14,1061571,4227,SELL,971.0,483.0
2022-04-14,1061571,4227,SELL,483.0,0.0
2020-03-31,1061574,4227,BUY,265.0,265.0
2025-03-21,1061574,4227,SELL,1325.0,0.0
2025-05-23,1061574,4227,BUY,3229.0,3229.0
2021-04-13,1061574,188643,SELL,265.0,0.0
2021-04-13,1061574,188643,BUY,1325.0,1325.0
2021-11-15,1061577,4227,BUY,2868.0,2868.0
2025-03-21,1061577,4227,SELL,2868.0,0.0
2020-03-31,1061582,4227,BUY,377.0,377.0
2020-10-30,1061582,4227,SELL,377.0,0.0
2024-07-15,1061582,4227,BUY,20129.0,20129.0
2025-03-21,1061582,4227,SELL,20129.0,0.0
2020-11-30,1061587,4227,BUY,23094.0,23094.0
2021-08-13,1061587,4227,SELL,23094.0,0.0
2020-03-31,1061591,4227,BUY,872.0,872.0
2020-08-31,1061591,4227,SELL,872.0,0.0
2021-08-13,1061591,4227,BUY,2175.0,2175.0
2022-04-14,1061591,4227,SELL,2175.0,0.0
2024-06-03,1061593,4227,BUY,124957.0,124957.0
2025-03-21,1061593,4227,SELL,124957.0,0.0
2020-08-31,1061600,4227,BUY,4550.0,4550.0
2021-09-30,1061600,4227,SELL,4550.0,0.0
2021-09-01,1061601,4227,BUY,2562.0,2562.0
2022-08-16,1061601,4227,SELL,2562.0,0.0
2021-12-15,1061604,4227,BUY,3764.0,3764.0
2025-03-21,1061604,4227,SELL,3764.0,0.0
2021-07-16,1061606,4227,BUY,9379.0,9379.0
2021-12-15,1061606,4227,SELL,9379.0,0.0
2020-03-31,1061607,4227,BUY,17388.0,17388.0
2021-02-01,1061607,4227,SELL,17388.0,0.0
2020-07-31,1061608,4227,BUY,18436.0,18436.0
2021-02-01,1061608,4227,SELL,18436.0,0.0
2022-07-15,1061608,4227,BUY,2162.0,2162.0
2025-03-21,1061608,4227,BUY,2685.0,4847.0
2025-05-12,1061608,4227,SELL,12.0,4835.0
2025-05-23,1061608,4227,SELL,4843.0,0.0
2025-03-21,1061608,4377,BUY,12.0,12.0
2025-05-07,1061608,4377,SELL,12.0,0.0
2020-08-31,1061619,4227,BUY,17231.0,17231.0
2021-09-16,1061619,4227,SELL,17231.0,0.0
2025-05-12,1061621,4227,BUY,40.0,40.0
2025-05-23,1061621,4227,BUY,16144.0,16184.0
2025-05-07,1061621,4377,BUY,40.0,40.0
2020-03-31,1061622,4227,BUY,12200.0,12200.0
2020-05-29,1061622,4227,SELL,12200.0,0.0
2021-07-16,1061629,4227,BUY,37410.0,37410.0
2025-03-21,1061629,4227,SELL,37410.0,0.0
2021-07-16,1061631,4227,BUY,4526.0,4526.0
2021-12-01,1061631,4227,SELL,4526.0,0.0
2023-01-04,1061631,4227,BUY,3267.0,3267.0
2023-04-01,1061631,4227,SELL,3267.0,0.0
2023-09-19,1061631,4227,BUY,5022.0,5022.0
2023-12-15,1061631,4227,SELL,5022.0,0.0
2024-04-14,1061631,4227,BUY,20900.0,20900.0
2025-03-21,1061631,4227,SELL,20900.0,0.0
2022-04-14,1061638,4227,BUY,91481.0,91481.0
2025-03-21,1061638,4227,SELL,91481.0,0.0
2020-05-29,1061639,4227,BUY,7557.0,7557.0
2020-07-31,1061639,4227,SELL,7557.0,0.0
2021-06-30,1061662,4227,BUY,22296.0,22296.0
2021-11-15,1061662,4227,SELL,22296.0,0.0
2025-03-21,1061663,4227,BUY,27872.0,27872.0
2025-03-24,1061663,4377,BUY,69.0,69.0
2023-12-02,1061684,4227,BUY,15947.0,15947.0
2025-03-21,1061684,4227,SELL,15947.0,0.0
2021-12-01,1061698,4227,BUY,61730.0,61730.0
2022-09-29,1061698,4227,SELL,61730.0,0.0
2025-03-21,1061699,4227,BUY,14138.0,14138.0
2025-05-12,1061699,4227,SELL,35.0,14103.0
2025-05-23,1061699,4227,SELL,14126.0,0.0
2025-03-21,1061699,4377,BUY,35.0,35.0
2025-05-07,1061699,4377,SELL,35.0,0.0
2020-12-30,1061708,4227,BUY,5219.0,5219.0
2022-08-16,1061708,4227,SELL,5219.0,0.0
2022-04-29,1061717,4227,BUY,40960.0,40960.0
2025-03-21,1061717,4227,SELL,40960.0,0.0
2021-02-15,1061722,4227,BUY,1039.0,1039.0
2022-07-15,1061722,4227,SELL,1039.0,0.0
2021-02-15,1061723,4227,BUY,1424.0,1424.0
2024-04-14,1061723,4227,SELL,1424.0,0.0
2022-04-14,1061740,4227,BUY,1092.0,1092.0
2025-03-21,1061740,4227,SELL,1092.0,0.0
2021-04-30,1061761,4227,BUY,13831.0,13831.0
2021-06-30,1061761,4227,SELL,13831.0,0.0
2021-11-15,1061761,4227,BUY,6126.0,6126.0
2022-02-14,1061761,4227,SELL,6126.0,0.0
2020-08-31,1061966,4227,BUY,27724.0,27724.0
2020-12-30,1061966,4227,SELL,27724.0,0.0
2024-05-01,1061973,4227,BUY,4435.0,4435.0
2025-03-21,1061973,4227,SELL,4435.0,0.0
2024-05-01,1061975,4227,BUY,6407.0,6407.0
2025-03-21,1061975,4227,SELL,6407.0,0.0
2021-02-01,1061993,4227,BUY,20353.0,20353.0
2021-04-01,1061993,4227,SELL,20353.0,0.0
2022-04-14,1061993,4227,BUY,7509.0,7509.0
2025-03-21,1061993,4227,SELL,7509.0,0.0
2025-05-12,1061993,4227,BUY,4.0,4.0
2025-05-23,1061993,4227,BUY,1614.0,1618.0
2025-05-07,1061993,4377,BUY,4.0,4.0
2021-04-01,1061994,4227,BUY,13617.0,13617.0
2021-04-30,1061994,4227,SELL,13617.0,0.0
2024-06-03,1062024,4379,BUY,57558.0,57558.0
2025-01-21,1062024,4379,SELL,57558.0,0.0
2021-06-30,1062044,4383,BUY,155799.0,155799.0
2025-03-26,1062044,4383,SELL,155799.0,0.0
2022-07-15,1062065,4379,BUY,1262756.0,1262756.0
2024-06-03,1062065,4379,SELL,1262756.0,0.0
2022-07-15,1062065,4383,BUY,1262756.0,1262756.0
2024-06-03,1062065,4383,SELL,1262756.0,0.0
2021-06-30,1062113,4379,BUY,135700.0,135700.0
2024-06-03,1062113,4379,SELL,135700.0,0.0
2021-06-30,1062113,4383,BUY,135700.0,135700.0
2024-06-03,1062113,4383,SELL,135700.0,0.0
2022-10-18,1062383,4383,BUY,81026.0,81026.0
2025-03-26,1062383,4383,SELL,81026.0,0.0
2021-06-30,1062388,4383,BUY,237928.0,237928.0
2024-06-03,1062388,4383,SELL,237928.0,0.0
2021-06-30,1062391,4383,BUY,111206.0,111206.0
2022-10-18,1062391,4383,SELL,111206.0,0.0
2021-06-30,1062410,4383,BUY,58220.0,58220.0
2025-03-26,1062410,4383,SELL,58220.0,0.0
2021-06-30,1062450,4383,BUY,123921.0,123921.0
2025-03-26,1062450,4383,SELL,123921.0,0.0
2023-05-02,1062462,4379,BUY,1532216.0,1532216.0
2024-02-01,1062462,4379,SELL,1532216.0,0.0
2023-05-02,1062462,4383,BUY,1532216.0,1532216.0
2024-02-01,1062462,4383,SELL,1532216.0,0.0
2021-06-30,1062463,4379,BUY,119963.0,119963.0
2023-10-04,1062463,4379,SELL,119963.0,0.0
2021-06-30,1062463,4383,BUY,119963.0,119963.0
2023-10-04,1062463,4383,SELL,119963.0,0.0
2022-07-15,1062464,4379,BUY,871778.0,871778.0
2025-01-21,1062464,4379,SELL,871778.0,0.0
2022-07-15,1062464,4383,BUY,871778.0,871778.0
2025-03-26,1062464,4383,SELL,871778.0,0.0
2021-06-30,1062469,4383,BUY,150451.0,150451.0
2024-06-03,1062469,4383,SELL,150451.0,0.0
2021-06-30,1062500,4379,BUY,162222.0,162222.0
2022-12-02,1062500,4379,SELL,162222.0,0.0
2021-06-30,1062500,4383,BUY,162222.0,162222.0
2022-12-02,1062500,4383,SELL,162222.0,0.0
2021-06-30,1062503,4379,BUY,35006.0,35006.0
2024-06-03,1062503,4379,SELL,35006.0,0.0
2021-06-30,1062503,4383,BUY,35006.0,35006.0
2024-06-03,1062503,4383,SELL,35006.0,0.0
2023-01-04,1062506,4379,BUY,290604.0,290604.0
2025-01-21,1062506,4379,SELL,290604.0,0.0
2023-01-04,1062506,4383,BUY,290604.0,290604.0
2025-03-26,1062506,4383,SELL,290604.0,0.0
2024-05-02,1062525,4383,BUY,166144.0,166144.0
2025-03-26,1062525,4383,SELL,166144.0,0.0
2024-06-03,1062535,4383,BUY,15508.0,15508.0
2025-03-26,1062535,4383,SELL,15508.0,0.0
2021-06-30,1062537,4379,BUY,483220.0,483220.0
2025-01-21,1062537,4379,SELL,483220.0,0.0
2021-06-30,1062537,4383,BUY,483220.0,483220.0
2025-03-26,1062537,4383,SELL,483220.0,0.0
2021-06-30,1062571,4383,BUY,674291.0,674291.0
2025-03-26,1062571,4383,SELL,674291.0,0.0
2021-07-27,1100184,4378,BUY,342664.0,342664.0
2021-12-31,1100184,4378,BUY,63294.0,405958.0
2023-03-31,1100184,4378,SELL,405958.0,0.0
2023-04-01,1100184,4378,BUY,995212.0,995212.0
2025-01-20,1100184,4378,SELL,995212.0,0.0
2023-04-01,1100184,4381,BUY,405958.0,405958.0
2025-01-20,1100184,4381,SELL,405958.0,0.0
2023-04-01,1100184,4385,BUY,405958.0,405958.0
2025-01-20,1100184,4385,SELL,405958.0,0.0
2025-05-23,1100723,4227,BUY,404.0,404.0
2025-01-20,1101443,4375,BUY,400.0,400.0
2025-01-20,1101443,4378,BUY,640556.0,640556.0
2025-01-20,1101443,4381,BUY,265352.0,265352.0
2025-01-20,1101443,4385,BUY,265352.0,265352.0
2025-01-20,1101489,4375,BUY,200.0,200.0
2025-01-20,1101489,4378,BUY,320278.0,320278.0
2025-01-20,1101489,4381,BUY,132676.0,132676.0
2025-01-20,1101489,4385,BUY,132676.0,132676.0
2025-02-20,1101496,4375,BUY,200.0,200.0
2025-01-20,1101496,4378,BUY,320278.0,320278.0
2025-01-20,1101496,4381,BUY,132676.0,132676.0
2025-01-20,1101496,4385,BUY,132676.0,132676.0
